,Component Usage Report
,Start Time: 5/31/2021 10:15:00 AM End Time: 6/1/2021 10:30:00 AM

Product Name,Product Side,Material Barcode,Work Order Name,Part Number,Pickup Count,Place Count,Pickup Error Count,Pickup Miss Count,Recognition Error Count,Shape Error Count,Height Miss Count,Total Scrap,Scrap Percentage,Placement Percentage,
NPM_910-00226_A,T,1000046466,,1026418,96,96,0,0,0,0,0,0,0,100,
NPM_910-00226_A,T,1000099502,,1013770,64,64,0,0,0,0,0,0,0,100,
NPM_910-00226_A,T,1000167103,,1016725,16,16,0,0,0,0,0,0,0,100,
NPM_910-00226_A,T,1000172323,,1015219,32,32,0,0,0,0,0,0,0,100,
NPM_910-00226_A,T,1000180635,,1014030,16,16,0,0,0,0,0,0,0,100,
NPM_910-00226_A,T,1000186647,,1023397,16,16,0,0,0,0,0,0,0,100,
NPM_910-00226_A,T,1000190790,,1019502,32,32,0,0,0,0,0,0,0,100,
NPM_910-00226_A,T,1000210038,,1015210,32,32,0,0,0,0,0,0,0,100,
NPM_910-00226_A,T,1000326497,,1040009,112,112,0,0,0,0,0,0,0,100,
NPM_910-00226_A,T,1000341294,,1031944,32,32,0,0,0,0,0,0,0,100,
NPM_910-00226_A,T,1000348763,,1038483,160,160,0,0,0,0,0,0,0,100,
NPM_910-00226_A,T,1000413542,,1019953,16,16,0,0,0,0,0,0,0,100,
NPM_910-00226_A,T,1000435139,,1020997,64,64,0,0,0,0,0,0,0,100,
NPM_910-00226_A,T,1000441447,,1015215,192,192,0,0,0,0,0,0,0,100,
NPM_910-00226_A,T,1000442955,,1014926,16,16,0,0,0,0,0,0,0,100,
NPM_910-00226_A,T,1000457286,,1014130,48,48,0,0,0,0,0,0,0,100,
NPM_910-00226_A,T,1000469878,,1014927,32,32,0,0,0,0,0,0,0,100,
NPM_910-00226_A,T,1000473457,,1014069,16,16,0,0,0,0,0,0,0,100,
NPM_910-00226_A,T,1000487684,,1016296,64,64,0,0,0,0,0,0,0,100,
NPM_910-00226_A,T,1000504468,,1016207,32,32,0,0,0,0,0,0,0,100,
NPM_910-00226_A,T,1000505028,,1030783,38,26,0,12,0,0,0,12,31.58,68.42,
NPM_910-00349_A,T,1000085849,No5181_E96_5000ps,1014256,2933,2933,0,0,0,0,0,0,0,100,
NPM_910-00349_A,T,1000099527,No5181_E96_5000ps,1013770,1066,1066,0,0,0,0,0,0,0,100,
NPM_910-00349_A,T,1000099531,No5181_E96_5000ps,1013770,575,575,0,0,0,0,0,0,0,100,
NPM_910-00349_A,T,1000099533,No5181_E96_5000ps,1013770,2977,2959,0,18,0,0,0,18,0.6,99.4,
NPM_910-00349_A,T,1000100906,No5181_E96_5000ps,1014237,2301,2300,0,0,1,0,0,1,0.04,99.96,
NPM_910-00349_A,T,1000101042,No5181_E96_5000ps,1014239,4604,4600,0,0,4,0,0,4,0.09,99.91,
NPM_910-00349_A,T,1000105064,No5181_E96_5000ps,1014255,108,108,0,0,0,0,0,0,0,100,
NPM_910-00349_A,T,1000148613,No5181_E96_5000ps,1026406,736,736,0,0,0,0,0,0,0,100,
NPM_910-00349_A,T,1000148614,No5181_E96_5000ps,1026406,3864,3864,0,0,0,0,0,0,0,100,
NPM_910-00349_A,T,1000200816,No5181_E96_5000ps,1027841,9969,9969,0,0,0,0,0,0,0,100,
NPM_910-00349_A,T,1000200818,No5181_E96_5000ps,1027841,8053,8052,0,1,0,0,0,1,0.01,99.99,
NPM_910-00349_A,T,1000200819,No5181_E96_5000ps,1027841,4979,4979,0,0,0,0,0,0,0,100,
NPM_910-00349_A,T,1000213279,No5181_E96_5000ps,1014255,2192,2192,0,0,0,0,0,0,0,100,
NPM_910-00349_A,T,1000213289,No5181_E96_5000ps,1014272,2300,2300,0,0,0,0,0,0,0,100,
NPM_910-00349_A,T,1000231918,No5181_E96_5000ps,1014035,2301,2300,0,1,0,0,0,1,0.04,99.96,
NPM_910-00349_A,T,1000232026,No5181_E96_5000ps,1014071,2302,2300,0,0,2,0,0,2,0.09,99.91,
NPM_910-00349_A,T,1000232355,No5181_E96_5000ps,1017116,1898,1894,0,1,3,0,0,4,0.21,99.79,
NPM_910-00349_A,T,1000232357,No5181_E96_5000ps,1017116,5019,5006,0,11,2,0,0,13,0.26,99.74,
NPM_910-00349_A,T,1000242861,No5181_E96_5000ps,1041872,2300,2300,0,0,0,0,0,0,0,100,
NPM_910-00349_A,T,1000309889,No5181_E96_5000ps,1040800,2302,2300,0,2,0,0,0,2,0.09,99.91,
NPM_910-00349_A,T,1000317602,No5181_E96_5000ps,1042921,8345,8344,0,0,1,0,0,1,0.01,99.99,
NPM_910-00349_A,T,1000317603,No5181_E96_5000ps,1042921,9936,9936,0,0,0,0,0,0,0,100,
NPM_910-00349_A,T,1000317604,No5181_E96_5000ps,1042921,7021,7020,0,1,0,0,0,1,0.01,99.99,
NPM_910-00349_A,T,1000318291,No5181_E96_5000ps,1041862,9891,9891,0,0,0,0,0,0,0,100,
NPM_910-00349_A,T,1000318292,No5181_E96_5000ps,1041862,9613,9613,0,0,0,0,0,0,0,100,
NPM_910-00349_A,T,1000318294,No5181_E96_5000ps,1041862,8098,8096,0,2,0,0,0,2,0.02,99.98,
NPM_910-00349_A,T,1000322884,No5181_E96_5000ps,1023271,1308,1308,0,0,0,0,0,0,0,100,
NPM_910-00349_A,T,1000326455,No5181_E96_5000ps,1040009,4008,4008,0,0,0,0,0,0,0,100,
NPM_910-00349_A,T,1000326458,No5181_E96_5000ps,1040009,3995,3994,0,1,0,0,0,1,0.03,99.97,
NPM_910-00349_A,T,1000326468,No5181_E96_5000ps,1040009,15,15,0,0,0,0,0,0,0,100,
NPM_910-00349_A,T,1000326471,No5181_E96_5000ps,1040009,3987,3983,0,4,0,0,0,4,0.1,99.9,
NPM_910-00349_A,T,1000326472,No5181_E96_5000ps,1040009,3978,3978,0,0,0,0,0,0,0,100,
NPM_910-00349_A,T,1000326475,No5181_E96_5000ps,1040009,3989,3987,0,2,0,0,0,2,0.05,99.95,
NPM_910-00349_A,T,1000326476,No5181_E96_5000ps,1040009,4007,4007,0,0,0,0,0,0,0,100,
NPM_910-00349_A,T,1000326477,No5181_E96_5000ps,1040009,4004,4003,0,1,0,0,0,1,0.02,99.98,
NPM_910-00349_A,T,1000326479,No5181_E96_5000ps,1040009,4007,4006,0,0,1,0,0,1,0.02,99.98,
NPM_910-00349_A,T,1000326487,No5181_E96_5000ps,1040009,4005,4005,0,0,0,0,0,0,0,100,
NPM_910-00349_A,T,1000326488,No5181_E96_5000ps,1040009,4011,3993,0,17,1,0,0,18,0.45,99.55,
NPM_910-00349_A,T,1000326489,No5181_E96_5000ps,1040009,4004,4002,0,0,2,0,0,2,0.05,99.95,
NPM_910-00349_A,T,1000326490,No5181_E96_5000ps,1040009,4006,4004,0,1,1,0,0,2,0.05,99.95,
NPM_910-00349_A,T,1000326491,No5181_E96_5000ps,1040009,4004,4002,0,2,0,0,0,2,0.05,99.95,
NPM_910-00349_A,T,1000326496,No5181_E96_5000ps,1040009,3213,3213,0,0,0,0,0,0,0,100,
NPM_910-00349_A,T,1000326717,No5181_E96_5000ps,1041769,6905,6900,0,3,2,0,0,5,0.07,99.93,
NPM_910-00349_A,T,1000341290,No5181_E96_5000ps,1031944,1768,1768,0,0,0,0,0,0,0,100,
NPM_910-00349_A,T,1000341291,No5181_E96_5000ps,1031944,2988,2988,0,0,0,0,0,0,0,100,
NPM_910-00349_A,T,1000341293,No5181_E96_5000ps,1031944,2146,2146,0,0,0,0,0,0,0,100,
NPM_910-00349_A,T,1000345052,No5181_E96_5000ps,1013868,608,608,0,0,0,0,0,0,0,100,
NPM_910-00349_A,T,1000348754,No5181_E96_5000ps,1038483,1520,1520,0,0,0,0,0,0,0,100,
NPM_910-00349_A,T,1000348755,No5181_E96_5000ps,1038483,1066,1066,0,0,0,0,0,0,0,100,
NPM_910-00349_A,T,1000348762,No5181_E96_5000ps,1038483,2014,2014,0,0,0,0,0,0,0,100,
NPM_910-00349_A,T,1000348971,No5181_E96_5000ps,1042922,4992,4992,0,0,0,0,0,0,0,100,
NPM_910-00349_A,T,1000350389,No5181_E96_5000ps,1039713,1490,1490,0,0,0,0,0,0,0,100,
NPM_910-00349_A,T,1000350390,No5181_E96_5000ps,1039713,1109,1109,0,0,0,0,0,0,0,100,
NPM_910-00349_A,T,1000350391,No5181_E96_5000ps,1039713,2001,2001,0,0,0,0,0,0,0,100,
NPM_910-00349_A,T,1000404733,No5181_E96_5000ps,1023271,992,992,0,0,0,0,0,0,0,100,
NPM_910-00349_A,T,1000411584,No5181_E96_5000ps,1039984,2003,2003,0,0,0,0,0,0,0,100,
NPM_910-00349_A,T,1000411605,No5181_E96_5000ps,1039984,1552,1552,0,0,0,0,0,0,0,100,
NPM_910-00349_A,T,1000411608,No5181_E96_5000ps,1039984,2001,2001,0,0,0,0,0,0,0,100,
NPM_910-00349_A,T,1000411609,No5181_E96_5000ps,1039984,1641,1641,0,0,0,0,0,0,0,100,
NPM_910-00349_A,T,1000411610,No5181_E96_5000ps,1039984,2003,2003,0,0,0,0,0,0,0,100,
NPM_910-00349_A,T,1000411990,No5181_E96_5000ps,1014047,4134,4134,0,0,0,0,0,0,0,100,
NPM_910-00349_A,T,1000413508,No5181_E96_5000ps,1019953,2912,2912,0,0,0,0,0,0,0,100,
NPM_910-00349_A,T,1000413541,No5181_E96_5000ps,1019953,3990,3990,0,0,0,0,0,0,0,100,
NPM_910-00349_A,T,1000418384,No5181_E96_5000ps,1042267,302,302,0,0,0,0,0,0,0,100,
NPM_910-00349_A,T,1000419916,No5181_E96_5000ps,1030835,2182,2182,0,0,0,0,0,0,0,100,
NPM_910-00349_A,T,1000419928,No5181_E96_5000ps,1030835,118,118,0,0,0,0,0,0,0,100,
NPM_910-00349_A,T,1000420628,No5181_E96_5000ps,1017564,5645,5644,0,0,1,0,0,1,0.02,99.98,
NPM_910-00349_A,T,1000420629,No5181_E96_5000ps,1017564,5856,5856,0,0,0,0,0,0,0,100,
NPM_910-00349_A,T,1000420699,No5181_E96_5000ps,1014057,4600,4600,0,0,0,0,0,0,0,100,
NPM_910-00349_A,T,1000421524,No5181_E96_5000ps,1016253,12,12,0,0,0,0,0,0,0,100,
NPM_910-00349_A,T,1000421557,No5181_E96_5000ps,1016253,2292,2292,0,0,0,0,0,0,0,100,
NPM_910-00349_A,T,1000422335,No5181_E96_5000ps,1023476,711,711,0,0,0,0,0,0,0,100,
NPM_910-00349_A,T,1000422367,No5181_E96_5000ps,1022792,2108,2108,0,0,0,0,0,0,0,100,
NPM_910-00349_A,T,1000422481,No5181_E96_5000ps,1015614,2300,2300,0,0,0,0,0,0,0,100,
NPM_910-00349_A,T,1000422770,No5181_E96_5000ps,1014085,2300,2300,0,0,0,0,0,0,0,100,
NPM_910-00349_A,T,1000423222,No5181_E96_5000ps,1013653,934,934,0,0,0,0,0,0,0,100,
NPM_910-00349_A,T,1000425474,No5181_E96_5000ps,1021931,948,948,0,0,0,0,0,0,0,100,
NPM_910-00349_A,T,1000428879,No5181_E96_5000ps,1014529,2303,2300,0,0,3,0,0,3,0.13,99.87,
NPM_910-00349_A,T,1000430586,No5181_E96_5000ps,1014065,741,740,0,1,0,0,0,1,0.13,99.87,
NPM_910-00349_A,T,1000430587,No5181_E96_5000ps,1014065,1561,1560,0,1,0,0,0,1,0.06,99.94,
NPM_910-00349_A,T,1000430701,No5181_E96_5000ps,1016402,2302,2300,0,0,2,0,0,2,0.09,99.91,
NPM_910-00349_A,T,1000431557,No5181_E96_5000ps,1021831,2300,2300,0,0,0,0,0,0,0,100,
NPM_910-00349_A,T,1000433899,No5181_E96_5000ps,1048305,2101,2101,0,0,0,0,0,0,0,100,
NPM_910-00349_A,T,1000433900,No5181_E96_5000ps,1048305,2497,2496,0,1,0,0,0,1,0.04,99.96,
NPM_910-00349_A,T,1000435517,No5181_E96_5000ps,1042267,1998,1998,0,0,0,0,0,0,0,100,
NPM_910-00349_A,T,1000435575,No5181_E96_5000ps,1051594,2300,2300,0,0,0,0,0,0,0,100,
NPM_910-00349_A,T,1000435872,No5181_E96_5000ps,1042927,3002,3002,0,0,0,0,0,0,0,100,
NPM_910-00349_A,T,1000435873,No5181_E96_5000ps,1042927,604,604,0,0,0,0,0,0,0,100,
NPM_910-00349_A,T,1000435874,No5181_E96_5000ps,1042927,995,995,0,0,0,0,0,0,0,100,
NPM_910-00349_A,T,1000437493,No5181_E96_5000ps,1039376,1000,997,0,0,3,0,0,3,0.3,99.7,
NPM_910-00349_A,T,1000437494,No5181_E96_5000ps,1039376,295,289,0,0,6,0,0,6,2.03,97.97,
NPM_910-00349_A,T,1000437495,No5181_E96_5000ps,1039376,1000,1000,0,0,0,0,0,0,0,100,
NPM_910-00349_A,T,1000437496,No5181_E96_5000ps,1039376,16,16,0,0,0,0,0,0,0,100,
NPM_910-00349_A,T,1000438451,No5181_E96_5000ps,1025850,3002,3002,0,0,0,0,0,0,0,100,
NPM_910-00349_A,T,1000438456,No5181_E96_5000ps,1025850,3004,3004,0,0,0,0,0,0,0,100,
NPM_910-00349_A,T,1000438457,No5181_E96_5000ps,1025850,2952,2952,0,0,0,0,0,0,0,100,
NPM_910-00349_A,T,1000438458,No5181_E96_5000ps,1025850,3002,3002,0,0,0,0,0,0,0,100,
NPM_910-00349_A,T,1000438459,No5181_E96_5000ps,1025850,2017,2016,0,1,0,0,0,1,0.05,99.95,
NPM_910-00349_A,T,1000438462,No5181_E96_5000ps,1025850,1425,1424,0,1,0,0,0,1,0.07,99.93,
NPM_910-00349_A,T,1000438463,No5181_E96_5000ps,1025850,3000,3000,0,0,0,0,0,0,0,100,
NPM_910-00349_A,T,1000438762,No5181_E96_5000ps,1014127,1946,1946,0,0,0,0,0,0,0,100,
NPM_910-00349_A,T,1000438763,No5181_E96_5000ps,1014127,2654,2654,0,0,0,0,0,0,0,100,
NPM_910-00349_A,T,1000440340,No5181_E96_5000ps,1013868,1692,1692,0,0,0,0,0,0,0,100,
NPM_910-00349_A,T,1000440650,No5181_E96_5000ps,1016286,2300,2300,0,0,0,0,0,0,0,100,
NPM_910-00349_A,T,1000440669,No5181_E96_5000ps,1030159,2300,2300,0,0,0,0,0,0,0,100,
NPM_910-00349_A,T,1000440774,No5181_E96_5000ps,1042753,2366,2300,0,0,66,0,0,66,2.79,97.21,
NPM_910-00349_A,T,1000441379,No5181_E96_5000ps,1014047,5066,5066,0,0,0,0,0,0,0,100,
NPM_910-00349_A,T,1000441448,No5181_E96_5000ps,1015215,97,96,0,1,0,0,0,1,1.03,98.97,
NPM_910-00349_A,T,1000441449,No5181_E96_5000ps,1015215,1886,1867,0,17,2,0,0,19,1.01,98.99,
NPM_910-00349_A,T,1000441450,No5181_E96_5000ps,1015215,4991,4937,0,52,2,0,0,54,1.08,98.92,
NPM_910-00349_A,T,1000441578,No5181_E96_5000ps,1014591,5004,5004,0,0,0,0,0,0,0,100,
NPM_910-00349_A,T,1000441580,No5181_E96_5000ps,1014591,2508,2508,0,0,0,0,0,0,0,100,
NPM_910-00349_A,T,1000442922,No5181_E96_5000ps,1014082,2298,2298,0,0,0,0,0,0,0,100,
NPM_910-00349_A,T,1000444751,No5181_E96_5000ps,1052672,2006,2005,0,0,1,0,0,1,0.05,99.95,
NPM_910-00349_A,T,1000444752,No5181_E96_5000ps,1052672,1812,1812,0,0,0,0,0,0,0,100,
NPM_910-00349_A,T,1000445034,No5181_E96_5000ps,1023476,1589,1589,0,0,0,0,0,0,0,100,
NPM_910-00349_A,T,1000445189,No5181_E96_5000ps,1038704,3399,3399,0,0,0,0,0,0,0,100,
NPM_910-00349_A,T,1000445226,No5181_E96_5000ps,1038704,3372,3372,0,0,0,0,0,0,0,100,
NPM_910-00349_A,T,1000445229,No5181_E96_5000ps,1038704,3975,3975,0,0,0,0,0,0,0,100,
NPM_910-00349_A,T,1000445230,No5181_E96_5000ps,1038704,3054,3054,0,0,0,0,0,0,0,100,
NPM_910-00349_A,T,1000445366,No5181_E96_5000ps,1014038,210,208,0,1,1,0,0,2,0.95,99.05,
NPM_910-00349_A,T,1000445367,No5181_E96_5000ps,1014038,2093,2092,0,0,1,0,0,1,0.05,99.95,
NPM_910-00349_A,T,1000447201,No5181_E96_5000ps,1013653,542,542,0,0,0,0,0,0,0,100,
NPM_910-00349_A,T,1000447202,No5181_E96_5000ps,1013653,824,824,0,0,0,0,0,0,0,100,
NPM_910-00349_A,T,1000449022,No5181_E96_5000ps,1015193,4600,4600,0,0,0,0,0,0,0,100,
NPM_910-00349_A,T,1000450800,No5181_E96_5000ps,1049310,1998,1998,0,0,0,0,0,0,0,100,
NPM_910-00349_A,T,1000450801,No5181_E96_5000ps,1049310,302,302,0,0,0,0,0,0,0,100,
NPM_910-00349_A,T,1000452634,No5181_E96_5000ps,1016369,302,302,0,0,0,0,0,0,0,100,
NPM_910-00349_A,T,1000452635,No5181_E96_5000ps,1016369,1998,1998,0,0,0,0,0,0,0,100,
NPM_910-00349_A,T,1000453595,No5181_E96_5000ps,1037888,5688,5688,0,0,0,0,0,0,0,100,
NPM_910-00349_A,T,1000453597,No5181_E96_5000ps,1037888,1213,1212,0,1,0,0,0,1,0.08,99.92,
NPM_910-00349_A,T,1000454441,No5181_E96_5000ps,1014036,3428,3424,0,1,3,0,0,4,0.12,99.88,
NPM_910-00349_A,T,1000454444,No5181_E96_5000ps,1014036,5776,5776,0,0,0,0,0,0,0,100,
NPM_910-00349_A,T,1000454453,No5181_E96_5000ps,1014040,1944,1944,0,0,0,0,0,0,0,100,
NPM_910-00349_A,T,1000454454,No5181_E96_5000ps,1014040,10009,10008,0,1,0,0,0,1,0.01,99.99,
NPM_910-00349_A,T,1000454455,No5181_E96_5000ps,1014040,8751,8748,0,3,0,0,0,3,0.03,99.97,
NPM_910-00349_A,T,1000454481,No5181_E96_5000ps,1015105,2300,2300,0,0,0,0,0,0,0,100,
NPM_910-00349_A,T,1000454510,No5181_E96_5000ps,1014442,754,752,0,1,1,0,0,2,0.27,99.73,
NPM_910-00349_A,T,1000454512,No5181_E96_5000ps,1014442,6149,6148,0,0,1,0,0,1,0.02,99.98,
NPM_910-00349_A,T,1000454746,No5181_E96_5000ps,1022792,2494,2493,0,1,0,0,0,1,0.04,99.96,
NPM_910-00349_A,T,1000454999,No5181_E96_5000ps,1049594,1270,1270,0,0,0,0,0,0,0,100,
NPM_910-00349_A,T,1000455000,No5181_E96_5000ps,1049594,1030,1030,0,0,0,0,0,0,0,100,
NPM_910-00349_A,T,1000455396,No5181_E96_5000ps,1021646,11,11,0,0,0,0,0,0,0,100,
NPM_910-00349_A,T,1000455397,No5181_E96_5000ps,1021646,2013,2012,0,1,0,0,0,1,0.05,99.95,
NPM_910-00349_A,T,1000455401,No5181_E96_5000ps,1021646,2488,2488,0,0,0,0,0,0,0,100,
NPM_910-00349_A,T,1000455402,No5181_E96_5000ps,1021646,90,90,0,0,0,0,0,0,0,100,
NPM_910-00349_A,T,1000457251,No5181_E96_5000ps,1014130,366,366,0,0,0,0,0,0,0,100,
NPM_910-00349_A,T,1000457289,No5181_E96_5000ps,1014130,3002,3002,0,0,0,0,0,0,0,100,
NPM_910-00349_A,T,1000457290,No5181_E96_5000ps,1014130,1232,1232,0,0,0,0,0,0,0,100,
NPM_910-00349_A,T,1000460391,No5181_E96_5000ps,1052672,9985,9983,0,1,1,0,0,2,0.02,99.98,
NPM_910-00349_A,T,1000461754,No5181_E96_5000ps,1026661,2300,2300,0,0,0,0,0,0,0,100,
NPM_910-00349_A,T,1000464078,No5181_E96_5000ps,1033625,1272,1272,0,0,0,0,0,0,0,100,
NPM_910-00349_A,T,1000464081,No5181_E96_5000ps,1033625,1029,1028,0,1,0,0,0,1,0.1,99.9,
NPM_910-00349_A,T,1000464412,No5181_E96_5000ps,1023491,3009,3007,0,1,1,0,0,2,0.07,99.93,
NPM_910-00349_A,T,1000464442,No5181_E96_5000ps,1023491,3007,3006,0,1,0,0,0,1,0.03,99.97,
NPM_910-00349_A,T,1000464454,No5181_E96_5000ps,1023491,3002,2981,0,0,21,0,0,21,0.7,99.3,
NPM_910-00349_A,T,1000464500,No5181_E96_5000ps,1023491,3008,3007,0,1,0,0,0,1,0.03,99.97,
NPM_910-00349_A,T,1000464501,No5181_E96_5000ps,1023491,3002,3000,0,1,1,0,0,2,0.07,99.93,
NPM_910-00349_A,T,1000464502,No5181_E96_5000ps,1023491,3004,3004,0,0,0,0,0,0,0,100,
NPM_910-00349_A,T,1000464505,No5181_E96_5000ps,1023491,2996,2996,0,0,0,0,0,0,0,100,
NPM_910-00349_A,T,1000464506,No5181_E96_5000ps,1023491,3004,2986,0,0,18,0,0,18,0.6,99.4,
NPM_910-00349_A,T,1000464507,No5181_E96_5000ps,1023491,3002,3002,0,0,0,0,0,0,0,100,
NPM_910-00349_A,T,1000464561,No5181_E96_5000ps,1023491,532,532,0,0,0,0,0,0,0,100,
NPM_910-00349_A,T,1000464564,No5181_E96_5000ps,1023491,3002,3000,0,0,2,0,0,2,0.07,99.93,
NPM_910-00349_A,T,1000464565,No5181_E96_5000ps,1023491,3002,3000,0,1,1,0,0,2,0.07,99.93,
NPM_910-00349_A,T,1000464569,No5181_E96_5000ps,1023491,286,285,0,0,1,0,0,1,0.35,99.65,
NPM_910-00349_A,T,1000464572,No5181_E96_5000ps,1023491,2994,2994,0,0,0,0,0,0,0,100,
NPM_910-00349_A,T,1000466234,No5181_E96_5000ps,1016837,83,82,0,1,0,0,0,1,1.2,98.8,
NPM_910-00349_A,T,1000466625,No5181_E96_5000ps,1014240,1908,1907,0,1,0,0,0,1,0.05,99.95,
NPM_910-00349_A,T,1000466635,No5181_E96_5000ps,1018606,996,996,0,0,0,0,0,0,0,100,
NPM_910-00349_A,T,1000466636,No5181_E96_5000ps,1018606,1304,1304,0,0,0,0,0,0,0,100,
NPM_910-00349_A,T,1000466649,No5181_E96_5000ps,1021997,603,603,0,0,0,0,0,0,0,100,
NPM_910-00349_A,T,1000466669,No5181_E96_5000ps,1014244,2300,2300,0,0,0,0,0,0,0,100,
NPM_910-00349_A,T,1000467553,No5181_E96_5000ps,1021931,1003,1001,0,2,0,0,0,2,0.2,99.8,
NPM_910-00349_A,T,1000467554,No5181_E96_5000ps,1021931,51,51,0,0,0,0,0,0,0,100,
NPM_910-00349_A,T,1000467556,No5181_E96_5000ps,1021931,300,300,0,0,0,0,0,0,0,100,
NPM_910-00349_A,T,1000468415,No5181_E96_5000ps,1014156,1266,1266,0,0,0,0,0,0,0,100,
NPM_910-00349_A,T,1000468416,No5181_E96_5000ps,1014156,1036,1034,0,2,0,0,0,2,0.19,99.81,
NPM_910-00349_A,T,1000469151,No5181_E96_5000ps,1014240,4993,4993,0,0,0,0,0,0,0,100,
NPM_910-00349_A,T,1000469536,No5181_E96_5000ps,1041778,6487,6484,0,2,1,0,0,3,0.05,99.95,
NPM_910-00349_A,T,1000469538,No5181_E96_5000ps,1041778,9989,9989,0,0,0,0,0,0,0,100,
NPM_910-00349_A,T,1000469603,No5181_E96_5000ps,1041778,9969,9969,0,0,0,0,0,0,0,100,
NPM_910-00349_A,T,1000469604,No5181_E96_5000ps,1041778,9975,9971,0,3,1,0,0,4,0.04,99.96,
NPM_910-00349_A,T,1000469605,No5181_E96_5000ps,1041778,10009,10006,0,2,1,0,0,3,0.03,99.97,
NPM_910-00349_A,T,1000469606,No5181_E96_5000ps,1041778,10017,10017,0,0,0,0,0,0,0,100,
NPM_910-00349_A,T,1000469609,No5181_E96_5000ps,1041778,10021,10020,0,1,0,0,0,1,0.01,99.99,
NPM_910-00349_A,T,1000469610,No5181_E96_5000ps,1041778,10014,10013,0,1,0,0,0,1,0.01,99.99,
NPM_910-00349_A,T,1000469611,No5181_E96_5000ps,1041778,9993,9991,0,2,0,0,0,2,0.02,99.98,
NPM_910-00349_A,T,1000469612,No5181_E96_5000ps,1041778,3241,3240,0,1,0,0,0,1,0.03,99.97,
NPM_910-00349_A,T,1000470037,No5181_E96_5000ps,1039967,2316,2300,0,0,16,0,0,16,0.69,99.31,
NPM_910-00349_A,T,1000470054,No5181_E96_5000ps,1014256,3967,3967,0,0,0,0,0,0,0,100,
NPM_910-00349_A,T,1000470205,No5181_E96_5000ps,1021918,2606,2606,0,0,0,0,0,0,0,100,
NPM_910-00349_A,T,1000470207,No5181_E96_5000ps,1021918,1994,1994,0,0,0,0,0,0,0,100,
NPM_910-00349_A,T,1000471799,No5181_E96_5000ps,1025849,2502,2501,0,1,0,0,0,1,0.04,99.96,
NPM_910-00349_A,T,1000471824,No5181_E96_5000ps,1025849,2998,2995,0,1,2,0,0,3,0.1,99.9,
NPM_910-00349_A,T,1000471825,No5181_E96_5000ps,1025849,2526,2526,0,0,0,0,0,0,0,100,
NPM_910-00349_A,T,1000471826,No5181_E96_5000ps,1025849,3004,3004,0,0,0,0,0,0,0,100,
NPM_910-00349_A,T,1000471827,No5181_E96_5000ps,1025849,2965,2964,0,1,0,0,0,1,0.03,99.97,
NPM_910-00349_A,T,1000471828,No5181_E96_5000ps,1025849,3003,3001,0,0,2,0,0,2,0.07,99.93,
NPM_910-00349_A,T,1000471829,No5181_E96_5000ps,1025849,3005,3005,0,0,0,0,0,0,0,100,
NPM_910-00349_A,T,1000471830,No5181_E96_5000ps,1025849,3005,3004,0,1,0,0,0,1,0.03,99.97,
NPM_910-00349_A,T,1000472167,No5181_E96_5000ps,1014238,2300,2300,0,0,0,0,0,0,0,100,
NPM_910-00349_A,T,1000472445,No5181_E96_5000ps,1014034,4218,4083,0,67,68,0,0,135,3.2,96.8,
NPM_910-00349_A,T,1000472465,No5181_E96_5000ps,1014034,5133,5117,0,13,3,0,0,16,0.31,99.69,
NPM_910-00349_A,T,1000472508,No5181_E96_5000ps,1014044,557,557,0,0,0,0,0,0,0,100,
NPM_910-00349_A,T,1000472510,No5181_E96_5000ps,1014044,3885,3849,0,25,11,0,0,36,0.93,99.07,
NPM_910-00349_A,T,1000472511,No5181_E96_5000ps,1014044,14996,14935,0,43,18,0,0,61,0.41,99.59,
NPM_910-00349_A,T,1000472528,No5181_E96_5000ps,1014044,7358,7342,0,12,4,0,0,16,0.22,99.78,
NPM_910-00349_A,T,1000472557,No5181_E96_5000ps,1014044,14979,14735,0,195,49,0,0,244,1.63,98.37,
NPM_910-00349_A,T,1000472789,No5181_E96_5000ps,1014043,5387,5379,0,0,8,0,0,8,0.15,99.85,
NPM_910-00349_A,T,1000472841,No5181_E96_5000ps,1014043,15021,14989,0,4,28,0,0,32,0.21,99.79,
NPM_910-00349_A,T,1000472842,No5181_E96_5000ps,1014043,15016,14992,0,2,22,0,0,24,0.16,99.84,
NPM_910-00349_A,T,1000472843,No5181_E96_5000ps,1014043,3811,3809,0,1,1,0,0,2,0.05,99.95,
NPM_910-00349_A,T,1000472844,No5181_E96_5000ps,1014043,15002,14993,0,1,8,0,0,9,0.06,99.94,
NPM_910-00349_A,T,1000472875,No5181_E96_5000ps,1014043,14853,14838,0,1,14,0,0,15,0.1,99.9,
NPM_910-00349_A,T,1000473503,No5181_E96_5000ps,1014591,1284,1284,0,0,0,0,0,0,0,100,
NPM_910-00349_A,T,1000473505,No5181_E96_5000ps,1014591,5004,5004,0,0,0,0,0,0,0,100,
NPM_910-00349_A,T,1000474295,No5181_E96_5000ps,1014441,6902,6900,0,1,1,0,0,2,0.03,99.97,
NPM_910-00349_A,T,1000474765,No5181_E96_5000ps,1038008,1997,1997,0,0,0,0,0,0,0,100,
NPM_910-00349_A,T,1000474767,No5181_E96_5000ps,1038008,303,303,0,0,0,0,0,0,0,100,
NPM_910-00349_A,T,1000475493,No5181_E96_5000ps,1025469,2001,2001,0,0,0,0,0,0,0,100,
NPM_910-00349_A,T,1000475494,No5181_E96_5000ps,1025469,300,300,0,0,0,0,0,0,0,100,
NPM_910-00349_A,T,1000475510,No5181_E96_5000ps,1014235,2300,2300,0,0,0,0,0,0,0,100,
NPM_910-00349_A,T,1000475524,No5181_E96_5000ps,1014243,9196,9195,0,1,0,0,0,1,0.01,99.99,
NPM_910-00349_A,T,1000475556,No5181_E96_5000ps,1014242,45,45,0,0,0,0,0,0,0,100,
NPM_910-00349_A,T,1000475557,No5181_E96_5000ps,1014242,9292,9155,0,1,136,0,0,137,1.47,98.53,
NPM_910-00349_A,T,1000476349,No5181_E96_5000ps,1023494,1996,1996,0,0,0,0,0,0,0,100,
NPM_910-00349_A,T,1000476373,No5181_E96_5000ps,1023494,2980,2980,0,0,0,0,0,0,0,100,
NPM_910-00349_A,T,1000476374,No5181_E96_5000ps,1023494,3002,3002,0,0,0,0,0,0,0,100,
NPM_910-00349_A,T,1000476382,No5181_E96_5000ps,1023494,1515,1515,0,0,0,0,0,0,0,100,
NPM_910-00349_A,T,1000476384,No5181_E96_5000ps,1023494,2007,2007,0,0,0,0,0,0,0,100,
NPM_910-00349_A,T,1000476525,No5181_E96_5000ps,1031397,3117,3116,0,1,0,0,0,1,0.03,99.97,
NPM_910-00349_A,T,1000476530,No5181_E96_5000ps,1031397,8389,8385,0,1,3,0,0,4,0.05,99.95,
NPM_910-00349_A,T,1000479374,No5181_E96_5000ps,1033214,4645,4636,0,6,3,0,0,9,0.19,99.81,
NPM_910-00349_A,T,1000479376,No5181_E96_5000ps,1033214,10009,10004,0,5,0,0,0,5,0.05,99.95,
NPM_910-00349_A,T,1000479377,No5181_E96_5000ps,1033214,6064,6060,0,4,0,0,0,4,0.07,99.93,
NPM_910-00349_A,T,1000479695,No5181_E96_5000ps,1041321,2286,2286,0,0,0,0,0,0,0,100,
NPM_910-00349_A,T,1000479696,No5181_E96_5000ps,1041321,15,14,0,1,0,0,0,1,6.67,93.33,
NPM_910-00349_A,T,1000479769,No5181_E96_5000ps,1021852,497,497,0,0,0,0,0,0,0,100,
NPM_910-00349_A,T,1000479770,No5181_E96_5000ps,1021852,1603,1603,0,0,0,0,0,0,0,100,
NPM_910-00349_A,T,1000479779,No5181_E96_5000ps,1021852,2500,2500,0,0,0,0,0,0,0,100,
NPM_910-00349_A,T,1000479863,No5181_E96_5000ps,1023471,1000,1000,0,0,0,0,0,0,0,100,
NPM_910-00349_A,T,1000479864,No5181_E96_5000ps,1023471,293,293,0,0,0,0,0,0,0,100,
NPM_910-00349_A,T,1000479865,No5181_E96_5000ps,1023471,7,7,0,0,0,0,0,0,0,100,
NPM_910-00349_A,T,1000479867,No5181_E96_5000ps,1023471,1000,1000,0,0,0,0,0,0,0,100,
NPM_910-00349_A,T,1000480283,No5181_E96_5000ps,1021685,753,753,0,0,0,0,0,0,0,100,
NPM_910-00349_A,T,1000480285,No5181_E96_5000ps,1021685,2502,2502,0,0,0,0,0,0,0,100,
NPM_910-00349_A,T,1000480286,No5181_E96_5000ps,1021685,2502,2502,0,0,0,0,0,0,0,100,
NPM_910-00349_A,T,1000480287,No5181_E96_5000ps,1021685,756,756,0,0,0,0,0,0,0,100,
NPM_910-00349_A,T,1000480288,No5181_E96_5000ps,1021685,2487,2487,0,0,0,0,0,0,0,100,
NPM_910-00349_A,T,1000480289,No5181_E96_5000ps,1021685,2500,2500,0,0,0,0,0,0,0,100,
NPM_910-00349_A,T,1000481116,No5181_E96_5000ps,1026403,1000,1000,0,0,0,0,0,0,0,100,
NPM_910-00349_A,T,1000481117,No5181_E96_5000ps,1026403,543,543,0,0,0,0,0,0,0,100,
NPM_910-00349_A,T,1000482562,No5181_E96_5000ps,1047907,998,998,0,0,0,0,0,0,0,100,
NPM_910-00349_A,T,1000482563,No5181_E96_5000ps,1047907,1303,1302,0,1,0,0,0,1,0.08,99.92,
NPM_910-00349_A,T,1000483174,No5181_E96_5000ps,1016837,919,919,0,0,0,0,0,0,0,100,
NPM_910-00349_A,T,1000483230,No5181_E96_5000ps,1016837,999,999,0,0,0,0,0,0,0,100,
NPM_910-00349_A,T,1000483231,No5181_E96_5000ps,1016837,300,300,0,0,0,0,0,0,0,100,
NPM_910-00349_A,T,1000483599,No5181_E96_5000ps,1014254,4600,4600,0,0,0,0,0,0,0,100,
NPM_910-00349_A,T,1000483987,No5181_E96_5000ps,1014812,5648,5646,0,1,1,0,0,2,0.04,99.96,
NPM_910-00349_A,T,1000483991,No5181_E96_5000ps,1014812,3555,3554,0,0,1,0,0,1,0.03,99.97,
NPM_910-00349_A,T,1000484021,No5181_E96_5000ps,1014439,8897,8884,0,4,9,0,0,13,0.15,99.85,
NPM_910-00349_A,T,1000484029,No5181_E96_5000ps,1014439,6428,6428,0,0,0,0,0,0,0,100,
NPM_910-00349_A,T,1000484030,No5181_E96_5000ps,1014439,9991,9988,0,2,1,0,0,3,0.03,99.97,
NPM_910-00349_A,T,1000485125,No5181_E96_5000ps,1023903,2300,2300,0,0,0,0,0,0,0,100,
NPM_910-00349_A,T,1000485834,No5181_E96_5000ps,1014133,3006,3006,0,0,0,0,0,0,0,100,
NPM_910-00349_A,T,1000485835,No5181_E96_5000ps,1014133,3002,3002,0,0,0,0,0,0,0,100,
NPM_910-00349_A,T,1000485836,No5181_E96_5000ps,1014133,2911,2911,0,0,0,0,0,0,0,100,
NPM_910-00349_A,T,1000485837,No5181_E96_5000ps,1014133,3002,3002,0,0,0,0,0,0,0,100,
NPM_910-00349_A,T,1000485838,No5181_E96_5000ps,1014133,2996,2996,0,0,0,0,0,0,0,100,
NPM_910-00349_A,T,1000485839,No5181_E96_5000ps,1014133,3000,3000,0,0,0,0,0,0,0,100,
NPM_910-00349_A,T,1000485840,No5181_E96_5000ps,1014133,1855,1855,0,0,0,0,0,0,0,100,
NPM_910-00349_A,T,1000485841,No5181_E96_5000ps,1014133,3000,3000,0,0,0,0,0,0,0,100,
NPM_910-00349_A,T,1000485843,No5181_E96_5000ps,1014133,228,228,0,0,0,0,0,0,0,100,
NPM_910-00349_A,T,1000486963,No5181_E96_5000ps,1014049,2300,2300,0,0,0,0,0,0,0,100,
NPM_910-00349_A,T,1000487016,No5181_E96_5000ps,1014072,6574,6552,0,11,11,0,0,22,0.33,99.67,
NPM_910-00349_A,T,1000487029,No5181_E96_5000ps,1014072,7281,7248,0,11,22,0,0,33,0.45,99.55,
NPM_910-00349_A,T,1000487327,No5181_E96_5000ps,1021805,4514,4514,0,0,0,0,0,0,0,100,
NPM_910-00349_A,T,1000487329,No5181_E96_5000ps,1021805,5008,5008,0,0,0,0,0,0,0,100,
NPM_910-00349_A,T,1000487331,No5181_E96_5000ps,1021805,2224,2224,0,0,0,0,0,0,0,100,
NPM_910-00349_A,T,1000487336,No5181_E96_5000ps,1021805,5009,5008,0,1,0,0,0,1,0.02,99.98,
NPM_910-00349_A,T,1000487337,No5181_E96_5000ps,1021805,5000,5000,0,0,0,0,0,0,0,100,
NPM_910-00349_A,T,1000487338,No5181_E96_5000ps,1021805,5006,5006,0,0,0,0,0,0,0,100,
NPM_910-00349_A,T,1000487339,No5181_E96_5000ps,1021805,5032,5032,0,0,0,0,0,0,0,100,
NPM_910-00349_A,T,1000487341,No5181_E96_5000ps,1021805,5008,5008,0,0,0,0,0,0,0,100,
NPM_910-00349_A,T,1000490124,No5181_E96_5000ps,1019751,457,457,0,0,0,0,0,0,0,100,
NPM_910-00349_A,T,1000490125,No5181_E96_5000ps,1019751,970,970,0,0,0,0,0,0,0,100,
NPM_910-00349_A,T,1000490126,No5181_E96_5000ps,1019751,2551,2551,0,0,0,0,0,0,0,100,
NPM_910-00349_A,T,1000490134,No5181_E96_5000ps,1019751,3004,3004,0,0,0,0,0,0,0,100,
NPM_910-00349_A,T,1000490135,No5181_E96_5000ps,1019751,2219,2218,0,0,1,0,0,1,0.05,99.95,
NPM_910-00349_A,T,1000490179,No5181_E96_5000ps,1025943,1297,1297,0,0,0,0,0,0,0,100,
NPM_910-00349_A,T,1000490180,No5181_E96_5000ps,1025943,1003,1003,0,0,0,0,0,0,0,100,
NPM_910-00349_A,T,1000490621,No5181_E96_5000ps,1014786,1922,1922,0,0,0,0,0,0,0,100,
NPM_910-00349_A,T,1000490637,No5181_E96_5000ps,1014786,2678,2678,0,0,0,0,0,0,0,100,
NPM_910-00349_A,T,1000491133,No5181_E96_5000ps,1014823,304,304,0,0,0,0,0,0,0,100,
NPM_910-00349_A,T,1000491134,No5181_E96_5000ps,1014823,2039,1996,0,34,9,0,0,43,2.11,97.89,
NPM_910-00349_A,T,1000491637,No5181_E96_5000ps,1021771,300,300,0,0,0,0,0,0,0,100,
NPM_910-00349_A,T,1000491638,No5181_E96_5000ps,1021771,501,501,0,0,0,0,0,0,0,100,
NPM_910-00349_A,T,1000491639,No5181_E96_5000ps,1021771,1499,1499,0,0,0,0,0,0,0,100,
NPM_910-00349_A,T,1000493389,No5181_E96_5000ps,1018263,897,897,0,0,0,0,0,0,0,100,
NPM_910-00349_A,T,1000495230,No5181_E96_5000ps,1055345,2991,2991,0,0,0,0,0,0,0,100,
NPM_910-00349_A,T,1000495231,No5181_E96_5000ps,1055345,1004,1004,0,0,0,0,0,0,0,100,
NPM_910-00349_A,T,1000495232,No5181_E96_5000ps,1055345,605,605,0,0,0,0,0,0,0,100,
NPM_910-00349_A,T,1000495505,No5181_E96_5000ps,1018263,103,103,0,0,0,0,0,0,0,100,
NPM_910-00349_A,T,1000495508,No5181_E96_5000ps,1018263,1302,1300,0,0,2,0,0,2,0.15,99.85,
NPM_910-00349_A,T,1000495861,No5181_E96_5000ps,1042922,1908,1908,0,0,0,0,0,0,0,100,
NPM_910-00349_A,T,1000496463,No5181_E96_5000ps,1021997,1699,1697,0,1,1,0,0,2,0.12,99.88,
NPM_910-00349_A,T,1000498636,No5181_E96_5000ps,1026403,759,758,0,1,0,0,0,1,0.13,99.87,
NPM_910-00349_A,T,1000504101,No5181_E96_5000ps,1014055,2303,2300,0,2,1,0,0,3,0.13,99.87,
NPM_910-00349_A,T,1000504930,No5181_E96_5000ps,1025684,1214,1214,0,0,0,0,0,0,0,100,
NPM_910-00349_A,T,1000504931,No5181_E96_5000ps,1025684,4004,4004,0,0,0,0,0,0,0,100,
NPM_910-00349_A,T,1000504934,No5181_E96_5000ps,1025684,3354,3354,0,0,0,0,0,0,0,100,
NPM_910-00349_A,T,1000504935,No5181_E96_5000ps,1025684,630,630,0,0,0,0,0,0,0,100,
